"","BioProject","country2","eth","region","depth"
"ERR1975227","PRJEB20773","india","indian","vellore",14853
"ERR1975228","PRJEB20773","india","indian","vellore",14820
"ERR1975229","PRJEB20773","india","indian","vellore",13126
"ERR1975230","PRJEB20773","india","indian","vellore",12435
"ERR1975231","PRJEB20773","india","indian","vellore",12433
"ERR1975232","PRJEB20773","india","indian","vellore",12568
"ERR1975233","PRJEB20773","india","indian","vellore",11652
"ERR1975234","PRJEB20773","india","indian","vellore",8719
"ERR1975235","PRJEB20773","india","indian","vellore",12931
"ERR1975236","PRJEB20773","india","indian","vellore",11017
"ERR1975237","PRJEB20773","india","indian","vellore",14272
"ERR1975238","PRJEB20773","india","indian","vellore",13491
"ERR1975239","PRJEB20773","india","indian","vellore",11896
"ERR1975240","PRJEB20773","india","indian","vellore",13716
"ERR1975241","PRJEB20773","india","indian","vellore",12052
"ERR1975242","PRJEB20773","india","indian","vellore",10173
"ERR1975243","PRJEB20773","india","indian","vellore",11305
"ERR1975244","PRJEB20773","india","indian","vellore",14220
"ERR1975245","PRJEB20773","india","indian","vellore",12281
"ERR1975246","PRJEB20773","india","indian","vellore",9947
"ERR1975247","PRJEB20773","india","indian","vellore",13403
"ERR1975248","PRJEB20773","india","indian","vellore",16319
"ERR1975249","PRJEB20773","india","indian","vellore",11033
"ERR1975250","PRJEB20773","india","indian","vellore",13621
"ERR1975251","PRJEB20773","india","indian","vellore",10999
"ERR1975252","PRJEB20773","india","indian","vellore",10889
"ERR1975253","PRJEB20773","india","indian","vellore",11830
"ERR1975254","PRJEB20773","india","indian","vellore",12297
"ERR1975255","PRJEB20773","india","indian","vellore",11686
"ERR1975256","PRJEB20773","india","indian","vellore",12945
"ERR1975257","PRJEB20773","india","indian","vellore",14936
"ERR1975258","PRJEB20773","india","indian","vellore",8098
"ERR1975259","PRJEB20773","india","indian","vellore",13423
"ERR1975260","PRJEB20773","india","indian","vellore",12369
"ERR1975261","PRJEB20773","india","indian","vellore",10989
"ERR1975262","PRJEB20773","india","indian","vellore",13145
"ERR1975263","PRJEB20773","india","indian","vellore",14020
"ERR1975264","PRJEB20773","india","indian","vellore",11222
"ERR1975265","PRJEB20773","india","indian","vellore",11995
"ERR1975266","PRJEB20773","india","indian","vellore",10742
"ERR3511586","PRJEB34323","indonesia","malay","yogyakarta",53914
"ERR3511587","PRJEB34323","indonesia","malay","yogyakarta",68185
"ERR3511588","PRJEB34323","indonesia","malay","yogyakarta",94216
"ERR3511589","PRJEB34323","indonesia","malay","yogyakarta",73199
"ERR3511590","PRJEB34323","indonesia","malay","yogyakarta",57094
"ERR3511591","PRJEB34323","indonesia","malay","yogyakarta",60006
"ERR3511592","PRJEB34323","indonesia","malay","yogyakarta",65453
"ERR3511593","PRJEB34323","indonesia","malay","yogyakarta",52696
"ERR3511594","PRJEB34323","indonesia","malay","yogyakarta",44419
"ERR3511595","PRJEB34323","indonesia","malay","yogyakarta",60932
"ERR3511596","PRJEB34323","indonesia","malay","yogyakarta",46381
"ERR3511597","PRJEB34323","indonesia","malay","yogyakarta",41054
"ERR3511598","PRJEB34323","indonesia","malay","yogyakarta",53306
"ERR3511599","PRJEB34323","indonesia","malay","yogyakarta",114449
"ERR3511600","PRJEB34323","indonesia","malay","yogyakarta",53378
"ERR3511601","PRJEB34323","indonesia","malay","yogyakarta",55318
"ERR3511602","PRJEB34323","indonesia","malay","yogyakarta",56769
"ERR3511603","PRJEB34323","indonesia","malay","yogyakarta",49276
"ERR3511604","PRJEB34323","indonesia","malay","yogyakarta",70283
"ERR3511605","PRJEB34323","indonesia","malay","yogyakarta",67804
"ERR3511606","PRJEB34323","indonesia","malay","yogyakarta",48727
"ERR3511607","PRJEB34323","indonesia","malay","yogyakarta",101593
"ERR3511608","PRJEB34323","indonesia","malay","yogyakarta",78092
"ERR3511609","PRJEB34323","indonesia","malay","yogyakarta",44987
"ERR3511610","PRJEB34323","indonesia","malay","yogyakarta",74661
"ERR3511611","PRJEB34323","indonesia","malay","yogyakarta",64136
"ERR3511612","PRJEB34323","indonesia","malay","yogyakarta",97110
"ERR3511613","PRJEB34323","indonesia","malay","yogyakarta",127269
"ERR3511614","PRJEB34323","indonesia","malay","yogyakarta",87320
"ERR3511615","PRJEB34323","indonesia","malay","yogyakarta",51538
"ERR3511616","PRJEB34323","indonesia","malay","yogyakarta",51959
"ERR3511617","PRJEB34323","indonesia","malay","yogyakarta",38360
"ERR3511618","PRJEB34323","indonesia","malay","yogyakarta",78488
"ERR3511619","PRJEB34323","indonesia","malay","yogyakarta",75161
"ERR3511620","PRJEB34323","indonesia","malay","yogyakarta",46940
"ERR3511621","PRJEB34323","indonesia","malay","yogyakarta",59425
"ERR3511622","PRJEB34323","indonesia","malay","yogyakarta",45493
"ERR3511623","PRJEB34323","indonesia","malay","yogyakarta",39384
"ERR3511624","PRJEB34323","indonesia","malay","yogyakarta",52914
"ERR3511625","PRJEB34323","indonesia","malay","yogyakarta",44469
"ERR3511626","PRJEB34323","indonesia","malay","yogyakarta",134726
"ERR3511627","PRJEB34323","indonesia","malay","yogyakarta",54353
"ERR3511628","PRJEB34323","indonesia","malay","yogyakarta",49121
"ERR3511629","PRJEB34323","indonesia","malay","yogyakarta",82945
"ERR3511630","PRJEB34323","indonesia","malay","yogyakarta",54110
"ERR3511631","PRJEB34323","indonesia","malay","yogyakarta",96646
"ERR3511632","PRJEB34323","indonesia","malay","yogyakarta",89262
"ERR3511633","PRJEB34323","indonesia","malay","yogyakarta",72342
"ERR3511634","PRJEB34323","indonesia","malay","yogyakarta",126804
"ERR3511635","PRJEB34323","indonesia","malay","yogyakarta",45284
"ERR3511636","PRJEB34323","indonesia","malay","yogyakarta",125032
"ERR3511637","PRJEB34323","indonesia","malay","yogyakarta",71888
"ERR3511638","PRJEB34323","indonesia","malay","yogyakarta",78740
"ERR3511639","PRJEB34323","indonesia","malay","yogyakarta",111247
"ERR3511640","PRJEB34323","indonesia","malay","yogyakarta",68720
"ERR3511641","PRJEB34323","indonesia","malay","yogyakarta",60332
"ERR3511642","PRJEB34323","indonesia","malay","yogyakarta",71180
"ERR3511643","PRJEB34323","indonesia","malay","yogyakarta",70943
"ERR3511644","PRJEB34323","indonesia","malay","yogyakarta",102549
"ERR3511645","PRJEB34323","indonesia","malay","yogyakarta",141331
"ERR3511646","PRJEB34323","indonesia","malay","yogyakarta",30649
"ERR3511647","PRJEB34323","indonesia","malay","yogyakarta",53552
"ERR3511648","PRJEB34323","indonesia","malay","yogyakarta",63531
"SRR4042035","PRJNA338148","china","chinese","hangzhou",34427
"SRR4042037","PRJNA338148","china","chinese","hangzhou",49487
"SRR4042054","PRJNA338148","china","chinese","hangzhou",35792
"SRR4042059","PRJNA338148","china","chinese","hangzhou",42960
"SRR4042065","PRJNA338148","china","chinese","beijing",25580
"SRR4042069","PRJNA338148","china","chinese","beijing",38741
"SRR4042071","PRJNA338148","china","chinese","beijing",48579
"SRR4042073","PRJNA338148","china","chinese","beijing",51701
"SRR4042089","PRJNA338148","china","chinese","hangzhou",38307
"SRR4042034","PRJNA338148","china","chinese","hangzhou",42327
"SRR4042047","PRJNA338148","china","chinese","hangzhou",47303
"SRR4042050","PRJNA338148","china","chinese","hangzhou",46424
"SRR4042060","PRJNA338148","china","chinese","hangzhou",34001
"SRR4446532","PRJNA349463","china","chinese","hunan",70206
"SRR4446534","PRJNA349463","china","chinese","hunan",190264
"SRR4446536","PRJNA349463","china","chinese","hunan",99753
"SRR4446538","PRJNA349463","china","chinese","hunan",75997
"SRR4446540","PRJNA349463","china","chinese","hunan",81012
"SRR4446542","PRJNA349463","china","chinese","hunan",109605
"SRR4446544","PRJNA349463","china","chinese","hunan",69232
"SRR4446546","PRJNA349463","china","chinese","hunan",116967
"SRR4446548","PRJNA349463","china","chinese","hunan",72492
"SRR4446550","PRJNA349463","china","chinese","hunan",75788
"SRR4446552","PRJNA349463","china","chinese","hunan",79911
"SRR4446554","PRJNA349463","china","chinese","hunan",102062
"SRR4446557","PRJNA349463","china","chinese","hunan",58950
"SRR4446558","PRJNA349463","china","chinese","hunan",99010
"SRR4446559","PRJNA349463","china","chinese","hunan",191013
"SRR4446564","PRJNA349463","china","chinese","hunan",179441
"SRR4446566","PRJNA349463","china","chinese","hunan",74989
"SRR4446568","PRJNA349463","china","chinese","hunan",160295
"SRR4446570","PRJNA349463","china","chinese","hunan",79383
"SRR4446572","PRJNA349463","china","chinese","hunan",80567
"SRR4446574","PRJNA349463","china","chinese","hunan",80003
"SRR4446576","PRJNA349463","china","chinese","hunan",83231
"SRR4446578","PRJNA349463","china","chinese","hunan",172349
"SRR4446579","PRJNA349463","china","chinese","hunan",100980
"SRR4446582","PRJNA349463","china","chinese","hunan",68848
"SRR4446584","PRJNA349463","china","chinese","hunan",69001
"SRR4446586","PRJNA349463","china","chinese","hunan",72024
"SRR4446588","PRJNA349463","china","chinese","hunan",73530
"SRR4446590","PRJNA349463","china","chinese","hunan",79128
"SRR4446592","PRJNA349463","china","chinese","hunan",90342
"SRR4446594","PRJNA349463","china","chinese","hunan",131253
"SRR4446595","PRJNA349463","china","chinese","hunan",71742
"SRR4446597","PRJNA349463","china","chinese","hunan",74848
"SRR4446598","PRJNA349463","china","chinese","hunan",105952
"SRR4446601","PRJNA349463","china","chinese","hunan",104082
"SRR4446604","PRJNA349463","china","chinese","hunan",88553
"SRR4446605","PRJNA349463","china","chinese","hunan",121343
"SRR4446607","PRJNA349463","china","chinese","hunan",167579
"SRR4446609","PRJNA349463","china","chinese","hunan",78892
"SRR4446611","PRJNA349463","china","chinese","hunan",99163
"SRR5040674","PRJNA353065","indonesia","malay","medan",12540
"SRR5040678","PRJNA353065","indonesia","malay","medan",92113
"SRR5040689","PRJNA353065","indonesia","malay","medan",155713
"SRR5040715","PRJNA353065","indonesia","malay","medan",9377
"SRR5040717","PRJNA353065","indonesia","malay","medan",13944
"SRR5040721","PRJNA353065","indonesia","malay","medan",6228
"SRR5040725","PRJNA353065","indonesia","malay","medan",6354
"SRR5040726","PRJNA353065","indonesia","malay","medan",40150
"SRR5580413","PRJNA385551","china","chinese","taicang",48996
"SRR5580414","PRJNA385551","china","chinese","lanzhou",67568
"SRR5580415","PRJNA385551","china","chinese","lanzhou",77119
"SRR5580416","PRJNA385551","china","chinese","lanzhou",83817
"SRR5580419","PRJNA385551","china","chinese","lanzhou",79223
"SRR5580420","PRJNA385551","china","chinese","lanzhou",63615
"SRR5580421","PRJNA385551","china","chinese","lanzhou",82215
"SRR5580426","PRJNA385551","china","chinese","lanzhou",71015
"SRR5580430","PRJNA385551","china","chinese","suzhou",61833
"SRR5580433","PRJNA385551","china","chinese","suzhou",56118
"SRR5580445","PRJNA385551","china","chinese","lanzhou",65801
"SRR5580461","PRJNA385551","china","chinese","suzhou",64148
"SRR5580462","PRJNA385551","china","chinese","suzhou",76557
"SRR5580464","PRJNA385551","china","chinese","suzhou",71300
"SRR5580469","PRJNA385551","china","chinese","lanzhou",76684
"SRR5580475","PRJNA385551","china","chinese","lanzhou",81844
"SRR5580481","PRJNA385551","china","chinese","lanzhou",66070
"SRR5580487","PRJNA385551","china","chinese","lanzhou",61408
"SRR5580495","PRJNA385551","china","chinese","lanzhou",53487
"SRR5580506","PRJNA385551","china","chinese","lanzhou",80001
"SRR5580509","PRJNA385551","china","chinese","lanzhou",62610
"SRR5580512","PRJNA385551","china","chinese","lanzhou",46446
"SRR5580517","PRJNA385551","china","chinese","lanzhou",63257
"SRR5580519","PRJNA385551","china","chinese","lanzhou",66357
"SRR5580522","PRJNA385551","china","chinese","lanzhou",49457
"SRR5580529","PRJNA385551","china","chinese","lanzhou",56302
"SRR5580533","PRJNA385551","china","chinese","lanzhou",72295
"SRR5580534","PRJNA385551","china","chinese","lanzhou",83719
"SRR5580535","PRJNA385551","china","chinese","lanzhou",57372
"SRR5580542","PRJNA385551","china","chinese","suzhou",70199
"SRR5580551","PRJNA385551","china","chinese","lanzhou",64358
"SRR5580552","PRJNA385551","china","chinese","lanzhou",58574
"SRR5580556","PRJNA385551","china","chinese","lanzhou",82945
"SRR5580559","PRJNA385551","china","chinese","lanzhou",85398
"SRR5580561","PRJNA385551","china","chinese","lanzhou",52319
"SRR5580573","PRJNA385551","china","chinese","lanzhou",94613
"SRR5580575","PRJNA385551","china","chinese","lanzhou",86459
"SRR5580579","PRJNA385551","china","chinese","lanzhou",92476
"SRR5580581","PRJNA385551","china","chinese","lanzhou",99234
"SRR5580582","PRJNA385551","china","chinese","lanzhou",82030
"SRR5580595","PRJNA385551","china","chinese","lanzhou",87841
"SRR5580596","PRJNA385551","china","chinese","lanzhou",91166
"SRR5580599","PRJNA385551","china","chinese","lanzhou",49662
"SRR5580602","PRJNA385551","china","chinese","lanzhou",80971
"SRR5580611","PRJNA385551","china","chinese","lanzhou",70584
"SRR5580617","PRJNA385551","china","chinese","lanzhou",105385
"SRR5580624","PRJNA385551","china","chinese","lanzhou",44945
"SRR5580630","PRJNA385551","china","chinese","lanzhou",55189
"SRR5580637","PRJNA385551","china","chinese","lanzhou",66643
"SRR5580638","PRJNA385551","china","chinese","lanzhou",53770
"SRR5580639","PRJNA385551","china","chinese","lanzhou",52093
"SRR5580641","PRJNA385551","china","chinese","lanzhou",90024
"SRR5580647","PRJNA385551","china","chinese","suzhou",82775
"SRR5580648","PRJNA385551","china","chinese","suzhou",95219
"SRR5580649","PRJNA385551","china","chinese","taicang",54237
"SRR5580652","PRJNA385551","china","chinese","suzhou",68389
"SRR5601900","PRJNA385551","china","chinese","lanzhou",95911
"SRR5601909","PRJNA385551","china","chinese","suzhou",83855
"SRR5601913","PRJNA385551","china","chinese","suzhou",79188
"SRR5601917","PRJNA385551","china","chinese","suzhou",90821
"SRR5601918","PRJNA385551","china","chinese","suzhou",91267
"SRR5601921","PRJNA385551","china","chinese","lanzhou",1306
"SRR5601928","PRJNA385551","china","chinese","rugao",78760
"SRR5601930","PRJNA385551","china","chinese","taicang",50650
"SRR5601943","PRJNA385551","china","chinese","suzhou",95411
"SRR5601944","PRJNA385551","china","chinese","suzhou",73232
"SRR5601950","PRJNA385551","china","chinese","suzhou",116770
"SRR5601955","PRJNA385551","china","chinese","taicang",90749
"SRR5601956","PRJNA385551","china","chinese","taicang",1558
"SRR5601957","PRJNA385551","china","chinese","taicang",99712
"SRR5601964","PRJNA385551","china","chinese","suzhou",74322
"SRR5601967","PRJNA385551","china","chinese","taicang",67661
"SRR5601975","PRJNA385551","china","chinese","lanzhou",95703
"SRR5601977","PRJNA385551","china","chinese","lanzhou",82868
"SRR5601979","PRJNA385551","china","chinese","lanzhou",93301
"SRR5601981","PRJNA385551","china","chinese","taicang",80333
"SRR5601982","PRJNA385551","china","chinese","taicang",35128
"SRR5601990","PRJNA385551","china","chinese","rugao",58471
"SRR5601992","PRJNA385551","china","chinese","taicang",92263
"SRR5601994","PRJNA385551","china","chinese","rugao",57509
"SRR5601997","PRJNA385551","china","chinese","taicang",39004
"SRR5601998","PRJNA385551","china","chinese","taicang",111216
"SRR5602001","PRJNA385551","china","chinese","taicang",66845
"SRR5602005","PRJNA385551","china","chinese","rugao",80314
"SRR5602007","PRJNA385551","china","chinese","taicang",104229
"SRR5602011","PRJNA385551","china","chinese","rugao",75481
"SRR5602012","PRJNA385551","china","chinese","rugao",161780
"SRR5602016","PRJNA385551","china","chinese","rugao",64329
"SRR5602017","PRJNA385551","china","chinese","rugao",111581
"SRR5602018","PRJNA385551","china","chinese","taicang",77321
"SRR5602019","PRJNA385551","china","chinese","taicang",79733
"SRR5602020","PRJNA385551","china","chinese","taicang",41389
"SRR5602023","PRJNA385551","china","chinese","taicang",90252
"SRR5602024","PRJNA385551","china","chinese","taicang",270
"SRR5602027","PRJNA385551","china","chinese","taicang",77291
"SRR5602028","PRJNA385551","china","chinese","taicang",84970
"SRR5602029","PRJNA385551","china","chinese","taicang",53151
"SRR5602032","PRJNA385551","china","chinese","taicang",72903
"SRR5602035","PRJNA385551","china","chinese","taicang",71259
"SRR5602036","PRJNA385551","china","chinese","taicang",52839
"SRR5602037","PRJNA385551","china","chinese","taicang",3756
"SRR5602039","PRJNA385551","china","chinese","taicang",105206
"SRR5602045","PRJNA385551","china","chinese","taicang",61579
"SRR5602049","PRJNA385551","china","chinese","taicang",82854
"SRR5602050","PRJNA385551","china","chinese","taicang",74970
"SRR5602053","PRJNA385551","china","chinese","taicang",99394
"SRR5602054","PRJNA385551","china","chinese","taicang",42588
"SRR5602062","PRJNA385551","china","chinese","taicang",76641
"SRR5602063","PRJNA385551","china","chinese","taicang",39704
"SRR5602066","PRJNA385551","china","chinese","taicang",85622
"SRR5602069","PRJNA385551","china","chinese","suzhou",90078
"SRR5602070","PRJNA385551","china","chinese","suzhou",92523
"SRR5602072","PRJNA385551","china","chinese","suzhou",30453
"SRR5602074","PRJNA385551","china","chinese","suzhou",84840
"SRR5602075","PRJNA385551","china","chinese","suzhou",84259
"SRR5602078","PRJNA385551","china","chinese","suzhou",59811
"SRR5602080","PRJNA385551","china","chinese","rugao",75017
"SRR5602081","PRJNA385551","china","chinese","suzhou",77112
"SRR5602083","PRJNA385551","china","chinese","suzhou",80723
"SRR5602084","PRJNA385551","china","chinese","suzhou",81392
"SRR5602086","PRJNA385551","china","chinese","suzhou",86506
"SRR5602092","PRJNA385551","china","chinese","rugao",65718
"SRR5602094","PRJNA385551","china","chinese","rugao",42290
"SRR5602097","PRJNA385551","china","chinese","rugao",41140
"SRR5602098","PRJNA385551","china","chinese","rugao",64949
"SRR5602103","PRJNA385551","china","chinese","taicang",272
"SRR5602104","PRJNA385551","china","chinese","suzhou",80801
"SRR5602109","PRJNA385551","china","chinese","suzhou",100532
"SRR5602132","PRJNA385551","china","chinese","rugao",88983
"SRR5602137","PRJNA385551","china","chinese","rugao",26995
"SRR5602144","PRJNA385551","china","chinese","suzhou",274
"SRR5602151","PRJNA385551","china","chinese","rugao",61809
"SRR5602153","PRJNA385551","china","chinese","rugao",84679
"SRR5602163","PRJNA385551","china","chinese","rugao",18960
"SRR5602166","PRJNA385551","china","chinese","rugao",88349
"SRR5602173","PRJNA385551","china","chinese","rugao",91174
"SRR5602174","PRJNA385551","china","chinese","rugao",59188
"SRR5602183","PRJNA385551","china","chinese","rugao",84590
"SRR5602184","PRJNA385551","china","chinese","rugao",73380
"SRR5602186","PRJNA385551","china","chinese","rugao",84171
"SRR5602198","PRJNA385551","china","chinese","rugao",78000
"SRR5602204","PRJNA385551","china","chinese","taicang",78170
"SRR5602206","PRJNA385551","china","chinese","suzhou",72162
"SRR5602209","PRJNA385551","china","chinese","rugao",5468
"SRR5602211","PRJNA385551","china","chinese","rugao",55747
"SRR5602214","PRJNA385551","china","chinese","rugao",68216
"SRR5602227","PRJNA385551","china","chinese","taicang",64423
"SRR5602233","PRJNA385551","china","chinese","rugao",78860
"SRR5602235","PRJNA385551","china","chinese","suzhou",79796
"SRR5602237","PRJNA385551","china","chinese","suzhou",23585
"SRR5602238","PRJNA385551","china","chinese","suzhou",59581
"SRR5602239","PRJNA385551","china","chinese","suzhou",59133
"SRR5602242","PRJNA385551","china","chinese","suzhou",52121
"SRR5602245","PRJNA385551","china","chinese","rugao",64800
"SRR5602254","PRJNA385551","china","chinese","rugao",606
"SRR5602261","PRJNA385551","china","chinese","taicang",58917
"SRR5602263","PRJNA385551","china","chinese","rugao",84768
"SRR5602264","PRJNA385551","china","chinese","taicang",60849
"SRR5602265","PRJNA385551","china","chinese","rugao",77518
"SRR5602268","PRJNA385551","china","chinese","suzhou",1281
"SRR5602272","PRJNA385551","china","chinese","taicang",2228
"SRR5602273","PRJNA385551","china","chinese","taicang",37655
"SRR5602277","PRJNA385551","china","chinese","taicang",439
"SRR5602283","PRJNA385551","china","chinese","rugao",41774
"SRR5602284","PRJNA385551","china","chinese","rugao",69383
"SRR5602288","PRJNA385551","china","chinese","rugao",603
"SRR5602289","PRJNA385551","china","chinese","rugao",84712
"SRR5602301","PRJNA385551","china","chinese","taicang",56223
"SRR5602303","PRJNA385551","china","chinese","taicang",343
"SRR5602306","PRJNA385551","china","chinese","taicang",69087
"SRR5602307","PRJNA385551","china","chinese","taicang",470
"SRR5602314","PRJNA385551","china","chinese","rugao",88864
"SRR5602321","PRJNA385551","china","chinese","rugao",83609
"SRR5602324","PRJNA385551","china","chinese","rugao",81626
"SRR5602327","PRJNA385551","china","chinese","rugao",84154
"SRR5602328","PRJNA385551","china","chinese","rugao",96375
"SRR5602331","PRJNA385551","china","chinese","rugao",44608
"SRR5602340","PRJNA385551","china","chinese","rugao",49175
"SRR5602342","PRJNA385551","china","chinese","rugao",64842
"SRR5602347","PRJNA385551","china","chinese","rugao",106158
"SRR5602350","PRJNA385551","china","chinese","rugao",93199
"SRR5609945","PRJNA385551","china","chinese","taicang",891
"SRR5609949","PRJNA385551","china","chinese","taicang",93694
"SRR5609951","PRJNA385551","china","chinese","taicang",85158
"SRR5609952","PRJNA385551","china","chinese","taicang",84812
"SRR5609959","PRJNA385551","china","chinese","taicang",1983
"SRR5609960","PRJNA385551","china","chinese","taicang",75037
"SRR5609961","PRJNA385551","china","chinese","taicang",72202
"SRR5609965","PRJNA385551","china","chinese","taicang",816
"SRR5609968","PRJNA385551","china","chinese","taicang",125795
"SRR5609969","PRJNA385551","china","chinese","taicang",70580
"SRR5609972","PRJNA385551","china","chinese","taicang",2410
"SRR5609982","PRJNA385551","china","chinese","taicang",77176
"SRR5609983","PRJNA385551","china","chinese","taicang",89753
"SRR5609984","PRJNA385551","china","chinese","taicang",2365
"SRR5609989","PRJNA385551","china","chinese","taicang",89576
"SRR5609991","PRJNA385551","china","chinese","taicang",91617
"SRR5609993","PRJNA385551","china","chinese","taicang",95484
"SRR5609997","PRJNA385551","china","chinese","taicang",97208
"SRR5610015","PRJNA385551","china","chinese","taicang",2920
"SRR5610016","PRJNA385551","china","chinese","taicang",85820
"SRR5610021","PRJNA385551","china","chinese","taicang",840
"SRR5610026","PRJNA385551","china","chinese","taicang",2429
"SRR5610029","PRJNA385551","china","chinese","taicang",80374
"SRR5610036","PRJNA385551","china","chinese","taicang",110668
"SRR5610039","PRJNA385551","china","chinese","taicang",82044
"SRR5610054","PRJNA385551","china","chinese","taicang",2926
"SRR5610057","PRJNA385551","china","chinese","taicang",83696
"SRR5610061","PRJNA385551","china","chinese","taicang",78183
"SRR5610063","PRJNA385551","china","chinese","taicang",124584
"SRR5610066","PRJNA385551","china","chinese","taicang",101414
"SRR5610068","PRJNA385551","china","chinese","taicang",84609
"SRR5610070","PRJNA385551","china","chinese","taicang",102501
"SRR5610073","PRJNA385551","china","chinese","taicang",112922
"SRR5610087","PRJNA385551","china","chinese","taicang",89571
"SRR5610088","PRJNA385551","china","chinese","taicang",106134
"SRR5610089","PRJNA385551","china","chinese","taicang",125163
"SRR5610090","PRJNA385551","china","chinese","taicang",126194
"SRR5610094","PRJNA385551","china","chinese","taicang",99416
"SRR5610096","PRJNA385551","china","chinese","taicang",91543
"SRR5610102","PRJNA385551","china","chinese","taicang",103596
"SRR5610103","PRJNA385551","china","chinese","taicang",88534
"SRR5610107","PRJNA385551","china","chinese","taicang",87996
"SRR5610109","PRJNA385551","china","chinese","taicang",65882
"SRR5610111","PRJNA385551","china","chinese","taicang",81306
"SRR5610113","PRJNA385551","china","chinese","taicang",89185
"SRR5610115","PRJNA385551","china","chinese","taicang",83523
"SRR5610117","PRJNA385551","china","chinese","taicang",73735
"SRR5610120","PRJNA385551","china","chinese","taicang",100246
"SRR5610127","PRJNA385551","china","chinese","taicang",103520
"SRR5610130","PRJNA385551","china","chinese","taicang",5483
"SRR5610146","PRJNA385551","china","chinese","taicang",192681
"SRR5610147","PRJNA385551","china","chinese","taicang",88433
"SRR5610149","PRJNA385551","china","chinese","taicang",89431
"SRR5610153","PRJNA385551","china","chinese","taicang",91076
"SRR5610154","PRJNA385551","china","chinese","taicang",103176
"SRR5610163","PRJNA385551","china","chinese","suzhou",76099
"SRR5610166","PRJNA385551","china","chinese","taicang",54018
"SRR5610169","PRJNA385551","china","chinese","taicang",96153
"SRR5802183","PRJNA385551","china","chinese","taicang",81193
"SRR5802184","PRJNA385551","china","chinese","taicang",238
"SRR5802191","PRJNA385551","china","chinese","taicang",56119
"SRR5802192","PRJNA385551","china","chinese","taicang",84990
"SRR5802193","PRJNA385551","china","chinese","suzhou",94633
"SRR5802200","PRJNA385551","china","chinese","taicang",88095
"SRR5802201","PRJNA385551","china","chinese","taicang",398
"SRR5802203","PRJNA385551","china","chinese","taicang",80599
"SRR5802216","PRJNA385551","china","chinese","suzhou",67791
"SRR5802217","PRJNA385551","china","chinese","suzhou",57364
"SRR5802220","PRJNA385551","china","chinese","suzhou",59704
"SRR5802221","PRJNA385551","china","chinese","suzhou",28124
"SRR5802223","PRJNA385551","china","chinese","suzhou",80246
"SRR5802224","PRJNA385551","china","chinese","suzhou",54899
"SRR5802236","PRJNA385551","china","chinese","taicang",76200
"SRR5802238","PRJNA385551","china","chinese","taicang",89268
"SRR5802240","PRJNA385551","china","chinese","taicang",92626
"SRR5802307","PRJNA385551","china","chinese","taicang",60607
"SRR5802309","PRJNA385551","china","chinese","taicang",69543
"SRR5802313","PRJNA385551","china","chinese","taicang",91856
"SRR5802329","PRJNA385551","china","chinese","taicang",150
"SRR5802330","PRJNA385551","china","chinese","taicang",64527
"SRR5802332","PRJNA385551","china","chinese","taicang",93
"SRR5802336","PRJNA385551","china","chinese","taicang",664
"SRR5802338","PRJNA385551","china","chinese","taicang",45466
"SRR5802396","PRJNA385551","china","chinese","suzhou",163
"SRR5802404","PRJNA385551","china","chinese","suzhou",84112
"SRR5803608","PRJNA385551","china","chinese","taicang",85513
"SRR5803609","PRJNA385551","china","chinese","taicang",136466
"SRR5803614","PRJNA385551","china","chinese","taicang",76305
"SRR5803615","PRJNA385551","china","chinese","taicang",95894
"SRR5803616","PRJNA385551","china","chinese","taicang",82581
"SRR5803635","PRJNA385551","china","chinese","rugao",120553
"SRR5803637","PRJNA385551","china","chinese","rugao",64189
"SRR5803638","PRJNA385551","china","chinese","suzhou",50364
"SRR5803639","PRJNA385551","china","chinese","suzhou",137424
"SRR5803650","PRJNA385551","china","chinese","suzhou",86870
"SRR5803661","PRJNA385551","china","chinese","taicang",73351
"SRR5803663","PRJNA385551","china","chinese","taicang",74226
"SRR5803665","PRJNA385551","china","chinese","taicang",112347
"SRR5803673","PRJNA385551","china","chinese","taicang",72883
"SRR5803674","PRJNA385551","china","chinese","taicang",75702
"SRR5803675","PRJNA385551","china","chinese","taicang",65554
"SRR5803677","PRJNA385551","china","chinese","taicang",89011
"SRR5803679","PRJNA385551","china","chinese","taicang",91420
"SRR5803696","PRJNA385551","china","chinese","taicang",97400
"SRR5803697","PRJNA385551","china","chinese","taicang",218355
"SRR5803699","PRJNA385551","china","chinese","taicang",70747
"SRR5803700","PRJNA385551","china","chinese","taicang",70570
"SRR5803703","PRJNA385551","china","chinese","taicang",80703
"SRR5803704","PRJNA385551","china","chinese","taicang",72872
"SRR5803705","PRJNA385551","china","chinese","taicang",51394
"SRR5803710","PRJNA385551","china","chinese","taicang",71729
"SRR5803712","PRJNA385551","china","chinese","taicang",95448
"SRR5803713","PRJNA385551","china","chinese","taicang",53883
"SRR5803718","PRJNA385551","china","chinese","taicang",150828
"SRR5803726","PRJNA385551","china","chinese","rugao",79170
"SRR5803757","PRJNA385551","china","chinese","taicang",63222
"SRR5803758","PRJNA385551","china","chinese","taicang",67953
"SRR5803761","PRJNA385551","china","chinese","taicang",4451
"SRR5803762","PRJNA385551","china","chinese","taicang",72176
"SRR6505417","PRJNA431126","china","chinese","guangzhou",97160
"SRR6505428","PRJNA431126","china","chinese","guangzhou",77813
"SRR6505429","PRJNA431126","china","chinese","guangzhou",88164
"SRR6505430","PRJNA431126","china","chinese","guangzhou",73334
"SRR6505667","PRJNA431126","china","chinese","guangzhou",65155
"SRR6505670","PRJNA431126","china","chinese","guangzhou",99101
"SRR6505674","PRJNA431126","china","chinese","guangzhou",68010
"SRR6505676","PRJNA431126","china","chinese","guangzhou",63737
"SRR6505678","PRJNA431126","china","chinese","guangzhou",85752
"SRR6505679","PRJNA431126","china","chinese","guangzhou",87813
"SRR6505680","PRJNA431126","china","chinese","guangzhou",83090
"SRR6505698","PRJNA431126","china","chinese","guangzhou",80531
"SRR6505702","PRJNA431126","china","chinese","guangzhou",88704
"SRR6505705","PRJNA431126","china","chinese","guangzhou",76359
"SRR6505708","PRJNA431126","china","chinese","guangzhou",65095
"SRR6505709","PRJNA431126","china","chinese","guangzhou",73021
"SRR6505710","PRJNA431126","china","chinese","guangzhou",103678
"SRR6505711","PRJNA431126","china","chinese","guangzhou",101087
"SRR6505712","PRJNA431126","china","chinese","guangzhou",90010
"SRR6505713","PRJNA431126","china","chinese","guangzhou",85740
"SRR6505714","PRJNA431126","china","chinese","guangzhou",64897
"SRR6505715","PRJNA431126","china","chinese","guangzhou",94203
"SRR6505716","PRJNA431126","china","chinese","guangzhou",71457
"SRR6505717","PRJNA431126","china","chinese","guangzhou",85337
"SRR6928750","PRJNA448494","india","indian","west_india",464505
"SRR6928761","PRJNA448494","india","indian","west_india",381961
"SRR6928762","PRJNA448494","india","indian","west_india",421254
"SRR6928763","PRJNA448494","india","indian","west_india",444755
"SRR6928764","PRJNA448494","india","indian","west_india",384197
"SRR6928765","PRJNA448494","india","indian","west_india",446406
"SRR6928766","PRJNA448494","india","indian","west_india",405515
"SRR6928768","PRJNA448494","india","indian","west_india",381356
"SRR6928770","PRJNA448494","india","indian","west_india",271545
"SRR6928774","PRJNA448494","india","indian","west_india",830775
"SRR6928778","PRJNA448494","india","indian","west_india",528378
"SRR6928779","PRJNA448494","india","indian","west_india",540349
"SRR6928780","PRJNA448494","india","indian","west_india",515652
"SRR6928783","PRJNA448494","india","indian","west_india",491830
"SRR6928790","PRJNA448494","india","indian","west_india",574635
"SRR6928791","PRJNA448494","india","indian","west_india",452198
"SRR6928805","PRJNA448494","india","indian","west_india",625802
"SRR6928806","PRJNA448494","india","indian","west_india",280099
"SRR6928809","PRJNA448494","india","indian","west_india",576023
"SRR6928811","PRJNA448494","india","indian","west_india",561202
"SRR7517455","PRJNA480923","china","chinese","undisclosed",76845
"SRR7517457","PRJNA480923","china","chinese","undisclosed",77311
"SRR7517459","PRJNA480923","china","chinese","undisclosed",77000
"SRR7517463","PRJNA480923","china","chinese","undisclosed",76760
"SRR7517464","PRJNA480923","china","chinese","undisclosed",77131
"SRR7517477","PRJNA480923","china","chinese","undisclosed",77016
"SRR7517483","PRJNA480923","china","chinese","undisclosed",76642
"SRR8413971","PRJNA513244","china","chinese","changhai",41416
"SRR8413972","PRJNA513244","china","chinese","changhai",40694
"SRR8413979","PRJNA513244","china","chinese","changhai",58943
"SRR8413980","PRJNA513244","china","chinese","changhai",52958
"SRR8413981","PRJNA513244","china","chinese","changhai",47774
"SRR8413982","PRJNA513244","china","chinese","changhai",51955
"SRR8413983","PRJNA513244","china","chinese","changhai",44814
"SRR8413984","PRJNA513244","china","chinese","changhai",49377
"SRR8413985","PRJNA513244","china","chinese","changhai",44313
"SRR8413986","PRJNA513244","china","chinese","changhai",52478
"SRR8413987","PRJNA513244","china","chinese","changhai",51143
"SRR8413988","PRJNA513244","china","chinese","changhai",48358
"SRR8413989","PRJNA513244","china","chinese","changhai",47647
"SRR8413990","PRJNA513244","china","chinese","changhai",45990
"SRR8413991","PRJNA513244","china","chinese","changhai",58242
"SRR8413992","PRJNA513244","china","chinese","changhai",48830
"SRR8413993","PRJNA513244","china","chinese","changhai",48199
"SRR8413994","PRJNA513244","china","chinese","changhai",59189
"SRR8413995","PRJNA513244","china","chinese","changhai",41404
"SRR8413996","PRJNA513244","china","chinese","changhai",60204
"SRR8414002","PRJNA513244","china","chinese","changhai",53192
"SRR8414005","PRJNA513244","china","chinese","changhai",48659
"SRR8414006","PRJNA513244","china","chinese","changhai",37720
"SRR8413973","PRJNA513244","china","chinese","changhai",46798
"SRR8413974","PRJNA513244","china","chinese","changhai",32926
"SRR8413975","PRJNA513244","china","chinese","changhai",29909
"SRR8413976","PRJNA513244","china","chinese","changhai",37658
"SRR8413977","PRJNA513244","china","chinese","changhai",58810
"SRR8413978","PRJNA513244","china","chinese","changhai",57519
"SRR8414007","PRJNA513244","china","chinese","changhai",43838
"SRR8414008","PRJNA513244","china","chinese","changhai",36319
"SRR8414039","PRJNA513244","china","chinese","changhai",52881
"SRR8414040","PRJNA513244","china","chinese","changhai",42829
"SRR8414041","PRJNA513244","china","chinese","changhai",32776
"SRR8414042","PRJNA513244","china","chinese","changhai",36476
"SRR8414045","PRJNA513244","china","chinese","changhai",49669
"SRR8414046","PRJNA513244","china","chinese","changhai",29713
"SRR8414047","PRJNA513244","china","chinese","changhai",50001
"SRR8414048","PRJNA513244","china","chinese","changhai",37641
"SRR8414049","PRJNA513244","china","chinese","changhai",38235
"SRR8414051","PRJNA513244","china","chinese","changhai",40930
"SRR8414052","PRJNA513244","china","chinese","changhai",42818
"SRR8414053","PRJNA513244","china","chinese","changhai",28529
"SRR8414054","PRJNA513244","china","chinese","changhai",30390
"SRR8414055","PRJNA513244","china","chinese","changhai",46474
"SRR8414056","PRJNA513244","china","chinese","changhai",40453
"SRR8414057","PRJNA513244","china","chinese","changhai",27144
"SRR8414058","PRJNA513244","china","chinese","changhai",51106
"SRR8414059","PRJNA513244","china","chinese","changhai",51751
"SRR8414060","PRJNA513244","china","chinese","changhai",30571
"SRR8414061","PRJNA513244","china","chinese","changhai",49102
"SRR8414062","PRJNA513244","china","chinese","changhai",24930
"SRR8414063","PRJNA513244","china","chinese","changhai",32329
"SRR8414064","PRJNA513244","china","chinese","changhai",51459
"SRR8414075","PRJNA513244","china","chinese","changhai",46801
"SRR8414076","PRJNA513244","china","chinese","changhai",35174
"SRR8414077","PRJNA513244","china","chinese","changhai",37591
"SRR8414078","PRJNA513244","china","chinese","changhai",31779
"SRR8414080","PRJNA513244","china","chinese","changhai",59368
"SRR8414091","PRJNA513244","china","chinese","changhai",36409
"SRR8414092","PRJNA513244","china","chinese","changhai",40923
"SRR8414093","PRJNA513244","china","chinese","changhai",35956
"SRR8414094","PRJNA513244","china","chinese","changhai",33088
"SRR8414095","PRJNA513244","china","chinese","changhai",33589
"SRR8414096","PRJNA513244","china","chinese","changhai",24504
"SRR8414097","PRJNA513244","china","chinese","changhai",50196
"SRR8414098","PRJNA513244","china","chinese","changhai",34282
"SRR8414099","PRJNA513244","china","chinese","changhai",40258
"SRR8414100","PRJNA513244","china","chinese","changhai",37835
"SRR8668369","PRJNA525566","india","indian","bihar",141200
"SRR8668373","PRJNA525566","india","indian","bihar",129326
"SRR8668375","PRJNA525566","india","indian","bihar",537146
"SRR8668394","PRJNA525566","india","indian","bihar",145877
"SRR8668396","PRJNA525566","india","indian","bihar",142859
"SRR8668398","PRJNA525566","india","indian","bihar",108268
"SRR8668400","PRJNA525566","india","indian","bihar",43713
"SRR8668402","PRJNA525566","india","indian","bihar",93309
"SRR8668432","PRJNA525566","india","indian","bihar",100313
"SRR8668434","PRJNA525566","india","indian","bihar",93857
"SRR8668436","PRJNA525566","india","indian","bihar",67459
"SRR8668438","PRJNA525566","india","indian","bihar",75825
"SRR8668441","PRJNA525566","india","indian","bihar",124008
"SRR8668456","PRJNA525566","india","indian","bihar",285312
"SRR8668458","PRJNA525566","india","indian","bihar",261462
"SRR8668460","PRJNA525566","india","indian","bihar",244612
"SRR8668462","PRJNA525566","india","indian","bihar",266913
"SRR8668464","PRJNA525566","india","indian","bihar",76889
"SRR8668467","PRJNA525566","india","indian","bihar",174708
"SRR8668469","PRJNA525566","india","indian","bihar",174574
"SRR8668471","PRJNA525566","india","indian","bihar",66498
"SRR8668473","PRJNA525566","india","indian","bihar",218422
"SRR8668475","PRJNA525566","india","indian","bihar",268641
"SRR8735493","PRJNA527121","india","indian","pune",958928
"SRR8735497","PRJNA527121","india","indian","pune",880911
"SRR8735501","PRJNA527121","india","indian","pune",605812
"SRR8735510","PRJNA527121","india","indian","pune",859771
"SRR8735516","PRJNA527121","india","indian","pune",851357
"SRR8735522","PRJNA527121","india","indian","pune",627448
"SRR8735526","PRJNA527121","india","indian","pune",859448
"SRR8735544","PRJNA527121","india","indian","pune",681818
"SRR8735559","PRJNA527121","india","indian","pune",825459
"SRR8735563","PRJNA527121","india","indian","pune",969436
"SRR9652407","PRJNA553183","india","indian","belagavi",82759
"SRR9652408","PRJNA553183","india","indian","belagavi",113290
"SRR9652409","PRJNA553183","india","indian","belagavi",117210
"SRR9652410","PRJNA553183","india","indian","belagavi",65116
"SRR9652411","PRJNA553183","india","indian","belagavi",68579
"SRR9652412","PRJNA553183","india","indian","belagavi",107792
"SRR9652413","PRJNA553183","india","indian","belagavi",105093
"SRR9652414","PRJNA553183","india","indian","belagavi",50162
"SRR9652415","PRJNA553183","india","indian","belagavi",95149
"SRR9652428","PRJNA553183","india","indian","belagavi",69052
"SRR9652430","PRJNA553183","india","indian","belagavi",79854
"SRR9652431","PRJNA553183","india","indian","belagavi",58361
"SRR9652433","PRJNA553183","india","indian","belagavi",49267
"SRR9652434","PRJNA553183","india","indian","belagavi",103286
"SRR9652435","PRJNA553183","india","indian","belagavi",85310
"SRR9652436","PRJNA553183","india","indian","belagavi",75776
"SRR9652437","PRJNA553183","india","indian","belagavi",61514
"SRR9652439","PRJNA553183","india","indian","belagavi",89172
"SRR9652440","PRJNA553183","india","indian","belagavi",83814
"SRR9652452","PRJNA553183","india","indian","belagavi",65258
"SRR9652453","PRJNA553183","india","indian","belagavi",60952
"SRR9652454","PRJNA553183","india","indian","belagavi",79430
"SRR9652455","PRJNA553183","india","indian","belagavi",74076
"SRR9652456","PRJNA553183","india","indian","belagavi",67563
"SRR9652457","PRJNA553183","india","indian","belagavi",48326
"SRR9652458","PRJNA553183","india","indian","belagavi",113892
"SRR9652460","PRJNA553183","india","indian","belagavi",108162
"SRR9652461","PRJNA553183","india","indian","belagavi",95433
"SRR9652462","PRJNA553183","india","indian","belagavi",20223
"SRR9652463","PRJNA553183","india","indian","belagavi",9770
"SRR9652464","PRJNA553183","india","indian","belagavi",12611
"SRR9652465","PRJNA553183","india","indian","belagavi",63017
"SRR9652466","PRJNA553183","india","indian","belagavi",20878
"SRR9652467","PRJNA553183","india","indian","belagavi",87507
"SRR9652468","PRJNA553183","india","indian","belagavi",68114
"SRR9652469","PRJNA553183","india","indian","belagavi",77961
"SRR9652470","PRJNA553183","india","indian","belagavi",109142
"SRR9652471","PRJNA553183","india","indian","belagavi",13233
"SRR9652472","PRJNA553183","india","indian","belagavi",13252
"SRR9652489","PRJNA553183","india","indian","belagavi",72285
"SRR9652490","PRJNA553183","india","indian","belagavi",68550
"SRR9652491","PRJNA553183","india","indian","belagavi",89009
"SRR9652492","PRJNA553183","india","indian","belagavi",85233
"SRR9652493","PRJNA553183","india","indian","belagavi",85164
"SRR9652495","PRJNA553183","india","indian","belagavi",84563
"SRR9652496","PRJNA553183","india","indian","belagavi",64231
"SRR9652497","PRJNA553183","india","indian","belagavi",101643
"SRR9652498","PRJNA553183","india","indian","belagavi",81734
"SRR9652499","PRJNA553183","india","indian","belagavi",79004
"SRR9652502","PRJNA553183","india","indian","belagavi",78342
"SRR9652511","PRJNA553183","india","indian","belagavi",107401
"SRR9652516","PRJNA553183","india","indian","belagavi",85494
"SRR9652517","PRJNA553183","india","indian","belagavi",182777
"SRR9652518","PRJNA553183","india","indian","belagavi",84167
"SRR9652519","PRJNA553183","india","indian","belagavi",88163
"SRR9652520","PRJNA553183","india","indian","belagavi",74387
"SRR9652521","PRJNA553183","india","indian","belagavi",88008
"SRR9652522","PRJNA553183","india","indian","belagavi",89315
"SRR9652523","PRJNA553183","india","indian","belagavi",89432
"SRR9652524","PRJNA553183","india","indian","belagavi",116745
"SRR9652527","PRJNA553183","india","indian","belagavi",116908
"SRR9652528","PRJNA553183","india","indian","belagavi",127705
"SRR9652529","PRJNA553183","india","indian","belagavi",48701
"SRR9652530","PRJNA553183","india","indian","belagavi",9392
"SRR9652531","PRJNA553183","india","indian","belagavi",9451
"SRR9652532","PRJNA553183","india","indian","belagavi",19365
"SRR9652533","PRJNA553183","india","indian","belagavi",150335
"SRR9652534","PRJNA553183","india","indian","belagavi",58695
"SRR9652545","PRJNA553183","india","indian","belagavi",103638
"SRR9652547","PRJNA553183","india","indian","belagavi",77332
"SRR9652569","PRJNA553183","india","indian","belagavi",90689
"SRR9652570","PRJNA553183","india","indian","belagavi",59853
"SRR9652571","PRJNA553183","india","indian","belagavi",119464
"SRR9652572","PRJNA553183","india","indian","belagavi",124987
"SRR9652573","PRJNA553183","india","indian","belagavi",73091
"SRR9652574","PRJNA553183","india","indian","belagavi",70669
"SRR9652575","PRJNA553183","india","indian","belagavi",84811
"SRR9652576","PRJNA553183","india","indian","belagavi",78222
"SRR9652577","PRJNA553183","india","indian","belagavi",111853
"SRR9652578","PRJNA553183","india","indian","belagavi",97569
"SRR9652579","PRJNA553183","india","indian","belagavi",141059
"SRR9652585","PRJNA553183","india","indian","belagavi",113733
"SRR9652586","PRJNA553183","india","indian","belagavi",93885
"SRR9652587","PRJNA553183","india","indian","belagavi",72278
"SRR9652591","PRJNA553183","india","indian","belagavi",56067
"SRR9652592","PRJNA553183","india","indian","belagavi",87684
"SRR9652593","PRJNA553183","india","indian","belagavi",68397
"SRR9652594","PRJNA553183","india","indian","belagavi",70206
"SRR9652595","PRJNA553183","india","indian","belagavi",111449
"SRR9652596","PRJNA553183","india","indian","belagavi",154339
"SRR9652597","PRJNA553183","india","indian","belagavi",48653
"SRR9652598","PRJNA553183","india","indian","belagavi",126053
"SRR9652599","PRJNA553183","india","indian","belagavi",114301
"SRR9652600","PRJNA553183","india","indian","belagavi",127052
"SRR9652601","PRJNA553183","india","indian","belagavi",96571
"SRR9652602","PRJNA553183","india","indian","belagavi",121118
"SRR9652609","PRJNA553183","india","indian","belagavi",72917
"SRR9652459","PRJNA553183","india","indian","belagavi",121669
"SRR9652525","PRJNA553183","india","indian","belagavi",76002
"SRR9652494","PRJNA553183","india","indian","belagavi",95265
"SRR10193778","PRJNA574565","china","chinese","shanghai",34969
"SRR10193779","PRJNA574565","china","chinese","shanghai",45161
"SRR10193780","PRJNA574565","china","chinese","shanghai",33600
"SRR10193781","PRJNA574565","china","chinese","shanghai",35202
"SRR10193783","PRJNA574565","china","chinese","shanghai",58132
"SRR10193788","PRJNA574565","china","chinese","shanghai",34687
"SRR10193791","PRJNA574565","china","chinese","shanghai",50049
"SRR10193793","PRJNA574565","china","chinese","shanghai",58045
"SRR10193794","PRJNA574565","china","chinese","shanghai",61911
"SRR10193795","PRJNA574565","china","chinese","shanghai",53759
"SRR10193796","PRJNA574565","china","chinese","shanghai",60053
"SRR10193797","PRJNA574565","china","chinese","shanghai",52837
"SRR10193799","PRJNA574565","china","chinese","shanghai",50307
"SRR10193802","PRJNA574565","china","chinese","shanghai",46031
"SRR10193806","PRJNA574565","china","chinese","shanghai",34182
"SRR10193809","PRJNA574565","china","chinese","shanghai",54814
"SRR10193811","PRJNA574565","china","chinese","shanghai",38495
"SRR10193812","PRJNA574565","china","chinese","shanghai",43498
"SRR10193813","PRJNA574565","china","chinese","shanghai",81992
"SRR10193816","PRJNA574565","china","chinese","shanghai",45137
"SRR10193817","PRJNA574565","china","chinese","shanghai",46744
"SRR10193818","PRJNA574565","china","chinese","shanghai",48629
"SRR10193819","PRJNA574565","china","chinese","shanghai",50176
"SRR10193821","PRJNA574565","china","chinese","shanghai",51779
"SRR10193822","PRJNA574565","china","chinese","shanghai",49995
"SRR10193823","PRJNA574565","china","chinese","shanghai",37630
"SRR10193824","PRJNA574565","china","chinese","shanghai",41325
"SRR10193829","PRJNA574565","china","chinese","shanghai",104600
"SRR10193830","PRJNA574565","china","chinese","shanghai",54702
"SRR10193834","PRJNA574565","china","chinese","shanghai",40554
"SRR10193835","PRJNA574565","china","chinese","shanghai",48818
"SRR10193836","PRJNA574565","china","chinese","shanghai",53593
"SRR10193850","PRJNA574565","china","chinese","shanghai",55698
"SRR10193855","PRJNA574565","china","chinese","shanghai",46267
"SRR10193856","PRJNA574565","china","chinese","shanghai",43158
"SRR10193859","PRJNA574565","china","chinese","shanghai",37931
"SRR10193860","PRJNA574565","china","chinese","shanghai",30332
"SRR10193866","PRJNA574565","china","chinese","shanghai",39870
"SRR10193867","PRJNA574565","china","chinese","shanghai",46311
"SRR10193869","PRJNA574565","china","chinese","shanghai",46573
"SRR10193871","PRJNA574565","china","chinese","shanghai",57516
"SRR10193873","PRJNA574565","china","chinese","shanghai",37695
"SRR10193875","PRJNA574565","china","chinese","shanghai",134614
"SRR10193876","PRJNA574565","china","chinese","shanghai",49665
"SRR10193878","PRJNA574565","china","chinese","shanghai",46041
"SRR10193879","PRJNA574565","china","chinese","shanghai",46133
"SRR10193885","PRJNA574565","china","chinese","shanghai",41347
"SRR10193886","PRJNA574565","china","chinese","shanghai",54042
"SRR10193888","PRJNA574565","china","chinese","shanghai",108130
"SRR10193889","PRJNA574565","china","chinese","shanghai",50449
"SRR10193895","PRJNA574565","china","chinese","shanghai",37786
"SRR10193896","PRJNA574565","china","chinese","shanghai",49574
"SRR10193897","PRJNA574565","china","chinese","shanghai",41886
"SRR10193900","PRJNA574565","china","chinese","shanghai",43838
"SRR10193901","PRJNA574565","china","chinese","shanghai",118257
"SRR10193902","PRJNA574565","china","chinese","shanghai",53036
"SRR10193815","PRJNA574565","china","chinese","shanghai",106674
"SRR10193838","PRJNA574565","china","chinese","shanghai",44943
"SRR10193890","PRJNA574565","china","chinese","shanghai",44143
"SRR10193820","PRJNA574565","china","chinese","shanghai",58505
"SRR10297535","PRJNA578008","china","chinese","daocheng",17644
"SRR10297536","PRJNA578008","china","chinese","daocheng",5481
"SRR10297537","PRJNA578008","china","chinese","daocheng",11085
"SRR10297538","PRJNA578008","china","chinese","daocheng",23657
"SRR10297539","PRJNA578008","china","chinese","daocheng",13562
"SRR10297540","PRJNA578008","china","chinese","daocheng",10005
"SRR10297541","PRJNA578008","china","chinese","daocheng",15169
"SRR10297542","PRJNA578008","china","chinese","daocheng",8146
"SRR10297543","PRJNA578008","china","chinese","daocheng",17800
"SRR10297544","PRJNA578008","china","chinese","daocheng",13312
"SRR10297546","PRJNA578008","china","chinese","daocheng",7823
"SRR10297547","PRJNA578008","china","chinese","daocheng",9540
"SRR10297548","PRJNA578008","china","chinese","daocheng",19831
"SRR10297549","PRJNA578008","china","chinese","daocheng",7746
"SRR10297550","PRJNA578008","china","chinese","daocheng",15810
"SRR10297551","PRJNA578008","china","chinese","daocheng",7387
"SRR10297552","PRJNA578008","china","chinese","daocheng",12630
"SRR10297553","PRJNA578008","china","chinese","daocheng",12973
"SRR10297554","PRJNA578008","china","chinese","daocheng",16468
"SRR10297555","PRJNA578008","china","chinese","daocheng",17010
"SRR10297557","PRJNA578008","china","chinese","daocheng",5673
"SRR10297558","PRJNA578008","china","chinese","daocheng",18223
"SRR10297559","PRJNA578008","china","chinese","daocheng",17485
"SRR10297560","PRJNA578008","china","chinese","daocheng",9796
"SRR10297561","PRJNA578008","china","chinese","daocheng",13476
"SRR10297562","PRJNA578008","china","chinese","daocheng",23810
"SRR10297630","PRJNA578008","china","chinese","dujiangyan",15214
"SRR10297631","PRJNA578008","china","chinese","dujiangyan",11255
"SRR10297632","PRJNA578008","china","chinese","dujiangyan",23078
"SRR10297633","PRJNA578008","china","chinese","dujiangyan",24645
"SRR10297634","PRJNA578008","china","chinese","dujiangyan",25065
"SRR10297635","PRJNA578008","china","chinese","dujiangyan",14463
"SRR10297636","PRJNA578008","china","chinese","dujiangyan",19664
"SRR10297637","PRJNA578008","china","chinese","dujiangyan",15008
"SRR10297638","PRJNA578008","china","chinese","dujiangyan",22961
"SRR10297640","PRJNA578008","china","chinese","dujiangyan",12313
"SRR10297641","PRJNA578008","china","chinese","dujiangyan",26437
"SRR10297642","PRJNA578008","china","chinese","dujiangyan",25263
"SRR10297643","PRJNA578008","china","chinese","dujiangyan",9786
"SRR10297644","PRJNA578008","china","chinese","dujiangyan",20550
"SRR10297645","PRJNA578008","china","chinese","dujiangyan",25619
"SRR10297646","PRJNA578008","china","chinese","dujiangyan",30094
"SRR10297647","PRJNA578008","china","chinese","dujiangyan",12604
"SRR10297648","PRJNA578008","china","chinese","dujiangyan",24640
"SRR10297649","PRJNA578008","china","chinese","dujiangyan",22203
"SRR10297651","PRJNA578008","china","chinese","dujiangyan",18095
"SRR10297652","PRJNA578008","china","chinese","dujiangyan",13866
"SRR10297653","PRJNA578008","china","chinese","dujiangyan",24178
"SRR10297654","PRJNA578008","china","chinese","daocheng",15640
"SRR10297655","PRJNA578008","china","chinese","daocheng",23164
"SRR10297656","PRJNA578008","china","chinese","daocheng",13070
"SRR10297657","PRJNA578008","china","chinese","daocheng",14463
"SRR10297658","PRJNA578008","china","chinese","daocheng",33842
"SRR10297659","PRJNA578008","china","chinese","daocheng",10051
"SRR10297660","PRJNA578008","china","chinese","daocheng",14540
"JD-100","PRJNA631204","malaysia","indian","segamat",93657
"JD-101","PRJNA631204","malaysia","indian","segamat",49114
"JD-10","PRJNA631204","malaysia","indian","segamat",53317
"JD-102","PRJNA631204","malaysia","indian","segamat",29781
"JD-103","PRJNA631204","malaysia","indian","segamat",81833
"JD-104","PRJNA631204","malaysia","indian","segamat",33095
"JD-105","PRJNA631204","malaysia","chinese","segamat",59523
"JD-106","PRJNA631204","malaysia","chinese","segamat",43237
"JD-107","PRJNA631204","malaysia","chinese","segamat",55649
"JD-108","PRJNA631204","malaysia","chinese","segamat",49322
"JD-109","PRJNA631204","malaysia","chinese","segamat",24766
"JD-110","PRJNA631204","malaysia","chinese","segamat",37748
"JD-111","PRJNA631204","malaysia","chinese","segamat",35200
"JD-11","PRJNA631204","malaysia","indian","segamat",74087
"JD-112","PRJNA631204","malaysia","chinese","segamat",75692
"JD-113","PRJNA631204","malaysia","chinese","segamat",24418
"JD-114","PRJNA631204","malaysia","chinese","segamat",184748
"JD-115","PRJNA631204","malaysia","chinese","segamat",42413
"JD-116","PRJNA631204","malaysia","chinese","segamat",38780
"JD-117","PRJNA631204","malaysia","chinese","segamat",67382
"JD-118","PRJNA631204","malaysia","chinese","segamat",101686
"JD-119","PRJNA631204","malaysia","chinese","segamat",83183
"JD-120","PRJNA631204","malaysia","chinese","segamat",38685
"JD-121","PRJNA631204","malaysia","chinese","segamat",67990
"JD-12","PRJNA631204","malaysia","chinese","segamat",54206
"JD-122","PRJNA631204","malaysia","chinese","segamat",71882
"JD-123","PRJNA631204","malaysia","chinese","segamat",53060
"JD-124","PRJNA631204","malaysia","chinese","segamat",80340
"JD-125","PRJNA631204","malaysia","chinese","segamat",38847
"JD-126","PRJNA631204","malaysia","chinese","segamat",58774
"JD-127","PRJNA631204","malaysia","chinese","segamat",82266
"JD-128","PRJNA631204","malaysia","chinese","segamat",67038
"JD-129","PRJNA631204","malaysia","chinese","segamat",58982
"JD-130","PRJNA631204","malaysia","chinese","segamat",66002
"JD-131","PRJNA631204","malaysia","chinese","segamat",65157
"JD-13","PRJNA631204","malaysia","chinese","segamat",29974
"JD-132","PRJNA631204","malaysia","chinese","segamat",80858
"JD-133","PRJNA631204","malaysia","chinese","segamat",47539
"JD-134","PRJNA631204","malaysia","chinese","segamat",31374
"JD-135","PRJNA631204","malaysia","chinese","segamat",37843
"JD-136","PRJNA631204","malaysia","chinese","segamat",41189
"JD-137","PRJNA631204","malaysia","chinese","segamat",31870
"JD-138","PRJNA631204","malaysia","chinese","segamat",48333
"JD-139","PRJNA631204","malaysia","chinese","segamat",42191
"JD-140","PRJNA631204","malaysia","chinese","segamat",75014
"JD-14","PRJNA631204","malaysia","chinese","segamat",49210
"JD-142","PRJNA631204","malaysia","chinese","segamat",66104
"JD-143","PRJNA631204","malaysia","chinese","segamat",47853
"JD-144","PRJNA631204","malaysia","chinese","segamat",74363
"JD-145","PRJNA631204","malaysia","chinese","segamat",77307
"JD-146","PRJNA631204","malaysia","chinese","segamat",45536
"JD-147","PRJNA631204","malaysia","chinese","segamat",43330
"JD-148","PRJNA631204","malaysia","chinese","segamat",53043
"JD-149","PRJNA631204","malaysia","chinese","segamat",40068
"JD-150","PRJNA631204","malaysia","chinese","segamat",58691
"JD-151","PRJNA631204","malaysia","chinese","segamat",65516
"JD-15","PRJNA631204","malaysia","indian","segamat",46879
"JD-152","PRJNA631204","malaysia","chinese","segamat",90399
"JD-153","PRJNA631204","malaysia","malay","segamat",54143
"JD-154","PRJNA631204","malaysia","malay","segamat",56015
"JD-155","PRJNA631204","malaysia","malay","segamat",47522
"JD-156","PRJNA631204","malaysia","malay","segamat",52895
"JD-157","PRJNA631204","malaysia","malay","segamat",76376
"JD-158","PRJNA631204","malaysia","malay","segamat",128434
"JD-159","PRJNA631204","malaysia","malay","segamat",114845
"JD-160","PRJNA631204","malaysia","malay","segamat",67163
"JD-161","PRJNA631204","malaysia","chinese","segamat",111571
"JD-16","PRJNA631204","malaysia","chinese","segamat",58812
"JD-162","PRJNA631204","malaysia","chinese","segamat",103020
"JD-163","PRJNA631204","malaysia","malay","segamat",82041
"JD-164","PRJNA631204","malaysia","malay","segamat",94749
"JD-165","PRJNA631204","malaysia","chinese","segamat",70892
"JD-166","PRJNA631204","malaysia","chinese","segamat",110658
"JD-167","PRJNA631204","malaysia","malay","segamat",120701
"JD-168","PRJNA631204","malaysia","malay","segamat",142553
"JD-169","PRJNA631204","malaysia","malay","segamat",103152
"JD-170","PRJNA631204","malaysia","malay","segamat",101627
"JD-171","PRJNA631204","malaysia","malay","segamat",105442
"JD-17","PRJNA631204","malaysia","chinese","segamat",23561
"JD-172","PRJNA631204","malaysia","malay","segamat",95782
"JD-173","PRJNA631204","malaysia","malay","segamat",61071
"JD-174","PRJNA631204","malaysia","malay","segamat",112044
"JD-175","PRJNA631204","malaysia","malay","segamat",76373
"JD-176","PRJNA631204","malaysia","malay","segamat",120680
"JD-177","PRJNA631204","malaysia","malay","segamat",77572
"JD-178","PRJNA631204","malaysia","malay","segamat",34294
"JD-180","PRJNA631204","malaysia","malay","segamat",258912
"JD-181","PRJNA631204","malaysia","malay","segamat",50207
"JD-18","PRJNA631204","malaysia","chinese","segamat",62529
"JD-182","PRJNA631204","malaysia","malay","segamat",68454
"JD-183","PRJNA631204","malaysia","malay","segamat",24754
"JD-184","PRJNA631204","malaysia","malay","segamat",288402
"JD-185","PRJNA631204","malaysia","malay","segamat",52128
"JD-186","PRJNA631204","malaysia","malay","segamat",80680
"JD-187","PRJNA631204","malaysia","malay","segamat",49844
"JD-188","PRJNA631204","malaysia","malay","segamat",230745
"JD-189","PRJNA631204","malaysia","malay","segamat",54020
"JD-190","PRJNA631204","malaysia","malay","segamat",53672
"JD-191","PRJNA631204","malaysia","malay","segamat",29042
"JD-19","PRJNA631204","malaysia","chinese","segamat",42874
"JD-192","PRJNA631204","malaysia","malay","segamat",97735
"JD-193","PRJNA631204","malaysia","malay","segamat",89504
"JD-195","PRJNA631204","malaysia","malay","segamat",41081
"JD-196","PRJNA631204","malaysia","malay","segamat",257925
"JD-197","PRJNA631204","malaysia","malay","segamat",56834
"JD-198","PRJNA631204","malaysia","malay","segamat",35122
"JD-199","PRJNA631204","malaysia","malay","segamat",38524
"JD-200","PRJNA631204","malaysia","malay","segamat",34703
"JD-201","PRJNA631204","malaysia","malay","segamat",65589
"JD-202","PRJNA631204","malaysia","malay","segamat",76472
"JD-203","PRJNA631204","malaysia","malay","segamat",66447
"JD-204","PRJNA631204","malaysia","malay","segamat",43903
"JD-205","PRJNA631204","malaysia","malay","segamat",91705
"JD-206","PRJNA631204","malaysia","malay","segamat",33428
"JD-207","PRJNA631204","malaysia","malay","segamat",38295
"JD-25","PRJNA631204","malaysia","chinese","segamat",54091
"JD-28","PRJNA631204","malaysia","indian","segamat",253429
"JD-29","PRJNA631204","malaysia","indian","segamat",35610
"JD-31","PRJNA631204","malaysia","indian","segamat",31895
"JD-34","PRJNA631204","malaysia","indian","segamat",31349
"JD-35","PRJNA631204","malaysia","indian","segamat",55411
"JD-36","PRJNA631204","malaysia","chinese","segamat",32738
"JD-37","PRJNA631204","malaysia","chinese","segamat",51620
"JD-38","PRJNA631204","malaysia","chinese","segamat",61365
"JD-39","PRJNA631204","malaysia","chinese","segamat",44357
"JD-40","PRJNA631204","malaysia","indian","segamat",52292
"JD-41","PRJNA631204","malaysia","indian","segamat",82907
"JD-44","PRJNA631204","malaysia","chinese","segamat",60705
"JD-45","PRJNA631204","malaysia","chinese","segamat",39019
"JD-46","PRJNA631204","malaysia","indian","segamat",60175
"JD-47","PRJNA631204","malaysia","indian","segamat",51656
"JD-48","PRJNA631204","malaysia","indian","segamat",39892
"JD-49","PRJNA631204","malaysia","indian","segamat",45527
"JD-50","PRJNA631204","malaysia","indian","segamat",35917
"JD-56","PRJNA631204","malaysia","indian","segamat",69036
"JD-57","PRJNA631204","malaysia","indian","segamat",39707
"JD-58","PRJNA631204","malaysia","indian","segamat",37403
"JD-60","PRJNA631204","malaysia","chinese","segamat",71561
"JD-61","PRJNA631204","malaysia","chinese","segamat",58368
"JD-62","PRJNA631204","malaysia","chinese","segamat",62777
"JD-65","PRJNA631204","malaysia","indian","segamat",77066
"JD-66","PRJNA631204","malaysia","indian","segamat",81333
"JD-69","PRJNA631204","malaysia","indian","segamat",86339
"JD-70","PRJNA631204","malaysia","indian","segamat",97687
"JD-71","PRJNA631204","malaysia","indian","segamat",58235
"JD-72","PRJNA631204","malaysia","indian","segamat",60554
"JD-73","PRJNA631204","malaysia","indian","segamat",86823
"JD-74","PRJNA631204","malaysia","indian","segamat",93298
"JD-75","PRJNA631204","malaysia","indian","segamat",111403
"JD-76","PRJNA631204","malaysia","malay","segamat",117885
"JD-77","PRJNA631204","malaysia","malay","segamat",117660
"JD-78","PRJNA631204","malaysia","malay","segamat",92772
"JD-79","PRJNA631204","malaysia","indian","segamat",110961
"JD-80","PRJNA631204","malaysia","indian","segamat",73130
"JD-81","PRJNA631204","malaysia","indian","segamat",130199
"JD-8","PRJNA631204","malaysia","indian","segamat",60711
"JD-82","PRJNA631204","malaysia","indian","segamat",89398
"JD-83","PRJNA631204","malaysia","indian","segamat",97644
"JD-84","PRJNA631204","malaysia","indian","segamat",95928
"JD-85","PRJNA631204","malaysia","indian","segamat",129001
"JD-86","PRJNA631204","malaysia","indian","segamat",70662
"JD-87","PRJNA631204","malaysia","indian","segamat",86441
"JD-88","PRJNA631204","malaysia","indian","segamat",67376
"JD-89","PRJNA631204","malaysia","indian","segamat",84521
"JD-90","PRJNA631204","malaysia","indian","segamat",106224
"JD-91","PRJNA631204","malaysia","indian","segamat",108679
"JD-9","PRJNA631204","malaysia","indian","segamat",56432
"JD-92","PRJNA631204","malaysia","indian","segamat",100845
"JD-93","PRJNA631204","malaysia","indian","segamat",73417
"JD-94","PRJNA631204","malaysia","indian","segamat",79401
"JD-95","PRJNA631204","malaysia","indian","segamat",87747
"JD-96","PRJNA631204","malaysia","indian","segamat",51725
"JD-97","PRJNA631204","malaysia","indian","segamat",66451
"JD-98","PRJNA631204","malaysia","indian","segamat",89267
"JD-99","PRJNA631204","malaysia","indian","segamat",76042
